<?xml version="1.0" encoding="UTF-8"?>
<project-private xmlns="http://www.netbeans.org/ns/project-private/1">
    <editor-bookmarks xmlns="http://www.netbeans.org/ns/editor-bookmarks/2" lastBookmarkId="0"/>
    <open-files xmlns="http://www.netbeans.org/ns/projectui-open-files/2">
        <group>
            <file>file:/C:/Users/Espace%20Sboui/Desktop/connectsport/src/services/SReservation.java</file>
            <file>file:/C:/Users/Espace%20Sboui/Desktop/connectsport/src/services/SSponsor.java</file>
            <file>file:/C:/Users/Espace%20Sboui/Desktop/connectsport/src/services/Iservice.java</file>
            <file>file:/C:/Users/Espace%20Sboui/Desktop/connectsport/src/tests/Main.java</file>
            <file>file:/C:/Users/Espace%20Sboui/Desktop/connectsport/src/tools/MaConnexion.java</file>
            <file>file:/C:/Users/Espace%20Sboui/Desktop/connectsport/src/entities/Event.java</file>
            <file>file:/C:/Users/Espace%20Sboui/Desktop/connectsport/src/entities/Sponsor.java</file>
            <file>file:/C:/Users/Espace%20Sboui/Desktop/connectsport/src/services/SEvent.java</file>
            <file>file:/C:/Users/Espace%20Sboui/Desktop/connectsport/src/entities/Reservation.java</file>
        </group>
    </open-files>
</project-private>
